salary, GPA
47344.61,3.41
45848.97,3.95
43214.86,3.16
55662.89,3.45
0,3.74
50020.92,3.33
53905.45,3.24
44924.18,3.3
49290.63,3.02
46387.57,3.42
0,3.26
42789.91,3.95
45224.67,3.02
51085.6,3.84
43422.75,3.02
0,3.23
45641.83,2.88
55274.18,3.49
52806.29,2.85
0,3.23
52271.5,3.43
46361.22,2.82
55427.99,2.82
0,3.94
53394.8,3.06
48773.84,3.42
53515.3,2.84
57477.68,3.3
43398.98,3.88
51496.33,3.33
50168.51,2.95
47074.28,2.99
53938.56,3.64
0,3.05
57884.91,3.96
47946.19,3.59
44191.81,3.3
47962.14,3.18
50743.01,3.55
52246.3,3.43
51672.41,2.86
59201.93,3.19
47448.71,3.36
55538.87,3.74
56578.64,3.66
43137.77,2.9
55206.06,3.73
43553.59,3.36
41449.44,3.75
57415.03,3.72
55400.81,3.87
56721.94,3.24
47472.08,3.83
57761.24,3.54
40130.2,2.89
57012.25,3.92
55901.21,3.26
49895.18,3.72
57299.4,2.86
43044.61,3.65
43131.71,3.45
47702.15,2.99
59606.14,3.37
58544.31,3.4
58505.07,3.92
53463.56,2.93
41890.83,3.92
57522.36,2.99
49706.46,3.06
57427.59,3.24
55193.87,3.36
42017.09,3.05
52331.85,3.41
55319.91,3.12
53497.49,3.48
50558.19,3.94
57695.57,3.52
42880.23,2.84
43611.97,3.89
57903.43,3.69
51835.95,3.23
46531.25,3.83
51754.75,3.99
57286.64,3.34
53034.91,3.36
52411.42,3.12
44404.2,2.84
54247.04,3.19
58185,3.13
43697.66,3.21
41353.94,3.13
47048.97,3.07
53737.44,3.13
44947.68,3.11
47074.1,3.69
42515.44,3.91
59400.08,3.14
43329.52,2.88
54734.56,3.16
48273.79,3.04
59696.87,2.95
51429.01,3.08
53230.17,3.46
58223.45,3.48
41851.83,3.07
41079.78,3.89
55386.2,3.57
43385.43,3.64
47726.68,3.51
50885.28,3.07
51751.92,2.81
51652.49,3.62
55137.45,3.58
40126.52,3.52
43542.71,2.86
46815.99,3.95
52919.27,3.47
40727.56,3.14
43281.39,3.61
44181.86,3.71
59578.49,2.86
53924.93,3.66
57196.43,2.93
43902.66,3.93
41186.93,3.91
58233.98,3.56
47787.97,3.73
43867.26,3.75
48963.32,2.85
42613.16,3.07
49144.06,3.66
41563.13,3.78
57217.38,3.48
46620.86,3.9
52612.33,2.83
51766.54,2.98
52237.12,3.73
45189.3,3.62
43281.39,3.52
53054.36,2.88
48813.76,3.12
51542.34,3.49
41415.8,3.03
46389.7,3.28
49888.52,3.91
57582.78,3.5
48426.22,3.16
52353.88,3.07
46950.93,3.8
43268.04,3.84
57758.14,3.47
44027.21,3.97
52304.66,3.04
57292.21,3.21
52170.01,3.87
50920.81,3.38
47082.42,3.22
41469.63,2.95
50900,2.89
47779.21,3.67
43281.39,3.36
50331.8,2.97
48622.07,2.89
56677.84,2.9
48167.28,3.19
47187.96,3.6
42545.51,4
58683.6,3.04
46962.16,3.29
58480.24,3.02
48704.18,3.45
55464.53,3.64
54305.47,3.38
42325.74,3.48
55485.56,3.89
41506.43,3.43
43862.79,3.71
52197.77,3.63
46295.01,3.19
58532.39,3.77
56236.48,3.13
59051.36,4
54481.54,2.81
46269.7,3.15
44027.21,2.89
56380.24,3.87
56298.95,3.6
54662.57,3.07
55449.71,3.38
57966.05,3.48
58733.55,3.04
56215.25,3.07
45439.29,3.9
45591.22,3.24
55933.54,3.22
53649.61,2.92
41241.21,3.92
57226.86,3.2
55133.68,3.82
59696.88,2.92
0,3.01
0,3.99
41625.39,3.56
57020.82,3.47
57376.59,3.11
40656.7,3.96
48385.11,3.33
53546.4,3.73
57555.68,3.13
46157.27,3.28
54741.16,3.1
47586.78,3.4
51754.55,3.19
49556.64,3.61
51207.8,3.05
49964,3.7
47171.83,3.94
49365.84,3.97
50134.05,3.8
49969.33,3.26
56998.83,2.81
46372.66,3.76
40810.03,3.76
51501.06,3.02
51846.94,3.42
59509.32,3.28
45652.9,3.03
44992.49,3.19
55180.54,3.19
44749.94,3.78
58755.27,3.86
44603.39,3.74
45103.29,3.69
55842.85,3.62
50513.81,3.52
49886.77,2.91
49056.53,4
45464.89,3.54
49545.95,3.4
46824.59,3.03
41065.86,3.35
56674.22,3.87
58648.96,2.93
51175.56,3.31
50311.74,3.82
43281.39,2.96
41452.89,3.09
46468.2,3.96
42785.27,3.03
43281.39,3.36
50889.69,3.73
45034.36,3.22
54848.47,2.8
46255.05,3.99
58461,3.36
51861.74,3.52
46874.59,3.26
45213.52,3.96
48032.87,3.2
57100.66,3.59
47552.58,3.54
52933.52,3.98
40196.85,3.34
44111.01,3.52
49424.7,3.45
56344.38,3.19
52665.24,3.99
58069.4,3.28
56829.87,3.91
44591.99,3.57
57497.22,3.11
50066.52,3.02
58864.52,3.53
57622.26,3.16
53997.37,3.37
59374.23,3.03
45158.46,3.06
46691.65,3.44
44010.86,3.88
59842.43,3.04
41038.22,3.04
45339.06,3.44
53422.47,2.83
51510.06,3
53702.54,2.92
57317.11,3.62
51249.2,3.73
55710.34,2.89
40979.12,3.46
48350.64,3.85
59385.75,3.47
55908.21,3.17
51429.22,3.26
51791.62,3.63
59340.1,3.06
41638.43,3.35
53325.35,3.47
48875.69,3.46
40342.03,3.55
44386.81,3.4
44526.01,3.75
44404.92,3.94
51202.86,2.9
43307.45,3.93
47906.86,2.92
48177.59,3.03
57602.04,3.75
43477.14,3.64
50717.7,3.44
46061.85,2.89
50978.61,3.21
48043.19,3.74
53543.36,3.54
46120.36,3.27
44630.33,3.31
55226.16,3.96
52057.66,3.07
54942.49,3.18
55337.11,3.19
58622.32,3.14
45274.32,3.28
46271.66,3.06
48366.77,3.13
40722.84,3.01
44080.03,3.16
53490.18,3.59
44482.92,3.53
41689.57,3.14
46664.29,3.64
53307.74,3.24
46260,3.37
58110.7,3.93
56654.67,3.12
44067.07,3.03
50008.19,3.91
43406.83,3.86
46602.42,3.69
42012.25,3.2
42803.12,3.47
45172.69,2.87
49725.51,3.26
54239.87,3.12
55262.77,3.18
48416.33,3.69
43512.81,3.05
42293.25,3.85
54993.21,3.16
44451.31,2.98
50768.92,3.15
56042.79,3.43
52449.3,2.98
45292.21,3.6
44657.49,3.6
52927.55,3.02
53012.65,3.07
54638.73,3.11
43281.39,3.91
51492.24,3.2
55058.37,2.97
50986.06,2.85
44159.74,3.67
48215.41,3.37
44027.21,3.13
46218.76,3.14
56594.15,3.71
59673.87,3.15
56804.74,2.91
58659.18,3.68
53758.58,3.86
50064.08,3.06
46118.56,4
56505.77,3.4
41802.66,3.88
50663.6,3.12
59271.88,3.51
48963.43,3.76
50272.98,4
44741.48,3.86
53275.08,3.55
47605.68,3.11
40363.15,2.9
53815.68,3.47
44502.41,3.77
55205.16,3.58
50859.25,3.01
59155.4,3.42
44027.21,2.98
55654.28,3.88
49776.18,3.52
49955.28,3.87
40334.67,3.45
41382.59,2.9
51838.6,3.86
47264.6,3.75
49613.92,3.64
50438.48,2.99
45425.55,3.67
41273.25,2.89
54936.8,3.94
52132.44,3.86
78373.84,3.41
78374.33,3.95
78392.26,3.16
78392.43,3.45
78397.15,3.74
78397.37,3.33
78436.29,3.24
78438.03,3.3
78451.65,3.02
78458.26,3.42
43281.39,3.26
43281.39,3.95
78470.84,3.02
78486.72,3.84
78496.37,3.02
78497.33,3.23
78497.9,2.88
78500.43,3.49
78514.41,2.85
78520.27,3.23
78522.52,3.43
78541.46,2.82
78550.23,2.82
78561.4,3.94
78566.72,3.06
78570.22,3.42
78584.84,2.84
78585.76,3.3
78599.92,3.88
78603.23,3.33
78606.4,2.95
78606.44,2.99
78611.68,3.64
78611.98,3.05
78627.88,3.96
78636,3.59
78648.26,3.3
74446.13,3.18
74446.19,3.55
74447.86,3.43
74455.06,2.86
74465.61,3.19
74468.53,3.36
74468.57,3.74
74474.91,3.66
74475.96,2.9
74476.93,3.73
74482.22,3.36
74486.24,3.75
74495.95,3.72
74511.78,3.87
74516.04,3.24
74528.29,3.83
74533.02,3.54
74546.13,2.89
74570.24,3.92
74597.19,3.26
74613.2,3.72
74616.69,2.86
74618.5,3.65
74621.26,3.45
74648.74,2.99
74654.93,3.37
74659.32,3.4
74661.93,3.92
74666.74,2.93
74683.34,3.92
74692.73,2.99
74700.45,3.06
43281.39,3.24
74713.5,3.36
74722.66,3.05
74722.67,3.41
74724.14,3.12
74732.18,3.48
74737.88,3.94
74739.84,3.52
74739.91,2.84
74742.85,3.89
74753.26,3.69
74754.41,3.23
74759.54,3.83
74761.43,3.99
74765.64,3.34
74789.06,3.36
74800.32,3.12
74822.64,2.84
74823.51,3.19
74825.86,3.13
74833.97,3.21
74838.78,3.13
74840.38,3.07
74846.57,3.13
74846.58,3.11
74856.95,3.69
74861.48,3.91
74879.07,3.14
74879.5,2.88
74882.27,3.16
74904.69,3.04
74918.37,2.95
74919.36,3.08
43281.39,3.46
74940.68,3.48
74943.45,3.07
74974.41,3.89
74985.61,3.57
56937.06,3.64
56942.01,3.51
78570.22,3.07
56958.48,2.81
57038.34,3.62
57091.55,3.58
57113.65,3.52
57142.42,2.86
78570.22,3.95
78570.22,3.47
57230.89,3.14
57251.45,3.61
78570.22,3.71
57268.77,2.86
57271.92,3.66
57276.58,2.93
78570.22,3.93
57326.15,3.91
57377.65,3.56
57447.24,3.73
57447.26,3.75
57468.4,2.85
78570.22,3.07
78570.22,3.66
78570.22,3.78
78570.22,3.48
78570.22,3.9
57686.13,2.83
78570.22,2.98
44027.21,3.73
78570.22,3.62
78570.22,3.52
43281.39,2.88
78570.22,3.12
58068.79,3.49
58071.93,3.03
58091.37,3.28
58110.05,3.91
58133.19,3.5
78570.22,3.16
58136.82,3.07
78570.22,3.8
58155.84,3.84
58215.38,3.47
58245.63,3.97
58294.64,3.04
58381.69,3.21
58490.82,3.87
58501.7,3.38
58600.26,3.22
58617.74,2.95
58623.25,2.89
58648.23,3.67
44027.21,3.36
58702.28,2.97
58752.94,2.89
58767.51,2.9
58774.02,3.19
58830.69,3.6
58929.42,4
58948.26,3.04
59045.12,3.29
59046.52,3.02
44027.21,3.45
59142.22,3.64
59146.57,3.38
59212.34,3.48
59229.58,3.89
59285.71,3.43
59290.19,3.71
59303.12,3.63
59304.24,3.19
59324.04,3.77
59339.07,3.13
59355.71,4
59364.78,2.81
59415.54,3.15
59415.63,2.89
59477.44,3.87
59508.24,3.6
59545.66,3.07
59547.32,3.38
59573.25,3.48
59666.66,3.04
59728.11,3.07
59797.01,3.9
59959.02,3.24
59992.12,3.22
60015.22,2.92
60124.84,3.92
60174.59,3.2
60178.23,3.82
60229.69,2.92
60236.01,3.01
60247.3,3.99
78570.22,3.56
78570.22,3.47
60340.12,3.11
60395.28,3.96
78570.22,3.33
60518.86,3.73
60520.79,3.13
60599.36,3.28
78570.22,3.1
60655.46,3.4
60683.27,3.19
60782.99,3.61
78570.22,3.05
78570.22,3.7
60861.05,3.94
60988.44,3.97
61021.32,3.8
61111.78,3.26
43281.39,2.81
61199.04,3.76
78570.22,3.76
78570.22,3.02
61244.41,3.42
61349.97,3.28
61444.17,3.03
61457.27,3.19
78570.22,3.19
61464.98,3.78
78570.22,3.86
61534.27,3.74
61538.63,3.69
61540.07,3.62
61640.66,3.52
61642.89,2.91
78570.22,4
61738.12,3.54
61751.51,3.4
78570.22,3.03
61811.42,3.35
61816.04,3.87
61858.94,2.93
61894.38,3.31
78570.22,3.82
78570.22,2.96
78570.22,3.09
61958.95,3.96
62020.04,3.03
62020.47,3.36
62045.03,3.73
62045.81,3.22
43281.39,2.8
62194.39,3.99
62281.48,3.36
62282.52,3.52
62283.03,3.26
62312.33,3.96
62313.65,3.2
62314.03,3.59
78570.22,3.54
62395.28,3.98
72524.93,3.34
72524.93,3.52
72524.93,3.45
72524.93,3.19
62623.44,3.99
72524.93,3.28
62690.08,3.91
62750.19,3.57
72524.93,3.11
62929.41,3.02
72524.93,3.53
63028.57,3.16
63038.03,3.37
72524.93,3.03
43281.39,3.06
63134.77,3.44
63153.37,3.88
63191.66,3.04
63271.41,3.04
72524.93,3.44
44832.22,2.83
72524.93,3
44840.8,2.92
44927.14,3.62
44927.78,3.73
44939.97,2.89
44942.52,3.46
44955.3,3.85
44988.44,3.47
45000,3.17
45000,3.26
45000,3.63
0,3.06
0,3.35
0,3.47
0,3.46
0,3.55
0,3.4
0,3.75
0,3.94
0,2.9
0,3.93
0,2.92
0,3.03
0,3.75
0,3.64
0,3.44
0,2.89
0,3.21
0,3.74
0,3.54
0,3.27
10011.26,3.31
78570.22,3.96
10020.68,3.07
10041.36,3.18
10041.65,3.19
10051.45,3.14
78570.22,3.28
78570.22,3.06
63271.41,3.13
10381.1,3.01
10416.46,3.16
10416.46,3.59
10419.42,3.53
72524.93,3.14
10444.46,3.64
72524.93,3.24
10578.41,3.37
72524.93,3.93
72524.93,3.12
72524.93,3.03
10971.78,3.91
72524.93,3.86
11000.34,3.69
11014.92,3.2
11024.6,3.47
72524.93,3.41
11100.33,3.95
11245.24,3.16
72524.93,3.45
11323.45,3.74
11366.22,3.33
11374.33,3.24
11406.17,3.3
11459.42,3.02
11508.08,3.42
11599.61,3.26
11636.06,3.95
11647.75,3.02
63271.41,3.84
11698.72,3.02
78570.22,3.23
78570.22,2.88
78570.22,3.49
12059.75,2.85
12096.45,3.23
12145.19,3.43
12633.4,2.82
12713.66,2.82
12779.71,3.94
12780.91,3.06
12780.91,3.42
12813.76,2.84
12823.58,3.3
12845.69,3.88
12846.52,3.33
72524.93,2.95
12997.69,2.99
13051.26,3.64
13078.88,3.05
13126.33,3.96
13174.94,3.59
13235.83,3.3
13235.83,3.18
13278.66,3.55
72524.93,3.43
72524.93,2.86
72524.93,3.19
13378.61,3.36
13396.7,3.74
13396.7,3.66
13443.22,2.9
13458.42,3.73
72524.93,3.36
13525.56,3.75
13567.77,3.72
13567.77,3.87
13591.53,3.24
13593.68,3.83
13594.85,3.54
72524.93,2.89
13645.99,3.92
13816.01,3.26
13885.76,3.72
13885.76,2.86
13928.01,3.65
13991.17,3.45
72524.93,2.99
14068.88,3.37
14079.2,3.4
72524.93,3.92
14214.08,2.93
14280.93,3.92
14280.93,2.99
14303.04,3.06
14430.55,3.24
14440.73,3.36
14486.18,3.05
14498.11,3.41
14512.2,3.12
14512.33,3.48
14593.48,3.94
14593.48,3.52
14689.7,2.84
14702.44,3.89
78570.22,3.69
14735.49,3.23
14827.82,3.83
14871.69,3.99
78570.22,3.34
14901.68,3.36
15090.41,3.12
15123.48,2.84
78570.22,3.19
15155.93,3.13
72524.93,3.21
15229.66,3.13
15302.7,3.07
15351.06,3.13
72524.93,3.11
15369.2,3.69
15444.29,3.91
72524.93,3.14
15457.65,2.88
15470.44,3.16
63271.41,3.04
72524.93,2.95
72524.93,3.08
15512.42,3.46
15518.7,3.48
15536.77,3.07
15565.58,3.89
15565.58,3.57
15571.83,3.64
72524.93,3.51
72524.93,3.07
15736.36,2.81
72524.93,3.62
15871.98,3.58
15871.98,3.52
15893.97,2.86
15988.81,3.95
15988.81,3.47
15997.48,3.14
16000.25,3.61
78570.22,3.71
78570.22,2.86
78570.22,3.66
72524.93,2.93
16195.21,3.93
16224.71,3.91
16240.59,3.56
16459.18,3.73
16538.4,3.75
72524.93,2.85
16577.8,3.07
16690.44,3.66
16710.45,3.78
16716.85,3.48
16748.33,3.9
16772.64,2.83
16784.15,2.98
16945.43,3.73
16960.93,3.62
72524.93,3.52
72524.93,2.88
72524.93,3.12
72524.93,3.49
17109.73,3.03
17122.03,3.28
17165.35,3.91
17165.35,3.5
17176.55,3.16
72524.93,3.07
17222.97,3.8
17286.09,3.84
17355.84,3.47
72524.93,3.97
17509.59,3.04
17516.18,3.21
17516.18,3.87
17626.99,3.38
17648,3.22
17706.52,2.95
17730.7,2.89
17740.01,3.67
17740.01,3.36
78570.22,2.97
17967.88,2.89
18003.56,2.9
18223.77,3.19
18289.51,3.6
18328.55,4
78570.22,3.04
18459.98,3.29
18555.28,3.02
18567.58,3.45
18647.09,3.64
18696.43,3.38
18797.81,3.48
18836.17,3.89
18844.75,3.43
18892.43,3.71
18910.17,3.63
18993.56,3.19
78570.22,3.77
19137.32,3.13
12633.4,4
12713.66,2.81
12779.71,3.15
12780.91,2.89
12780.91,3.87
12813.76,3.6
12823.58,3.07
12845.69,3.38
12846.52,3.48
78570.22,3.04
63271.41,3.07
13051.26,3.9
13078.88,3.24
13126.33,3.22
13174.94,2.92
13235.83,3.92
13235.83,3.2
13278.66,3.82
78570.22,2.92
78570.22,3.01
78570.22,3.99
13378.61,3.56
13396.7,3.47
13396.7,3.11
13443.22,3.96
13458.42,3.33
78570.22,3.73
13525.56,3.13
13567.77,3.28
13567.77,3.1
13591.53,3.4
13593.68,3.19
13594.85,3.61
78570.22,3.05
13645.99,3.7
13816.01,3.94
13885.76,3.97
13885.76,3.8
13928.01,3.26
13991.17,2.81
78570.22,3.76
14068.88,3.76
14079.2,3.02
78570.22,3.42
14214.08,3.28
78570.22,3.03
14280.93,3.19
14303.04,3.19
14430.55,3.78
78570.22,3.86
78570.22,3.74
14498.11,3.69
14512.2,3.62
14512.33,3.52
14593.48,2.91
14593.48,4
78570.22,3.54
78570.22,3.4
78570.22,3.03
14735.49,3.35
14827.82,3.87
14871.69,2.93
78570.22,3.31
14901.68,3.82
15090.41,2.96
15123.48,3.09
78570.22,3.96
15155.93,3.03
78570.22,3.36
15229.66,3.73
15302.7,3.22
15351.06,2.8
78570.22,3.99
15369.2,3.36
15444.29,3.52
78570.22,3.26
15457.65,3.96
15470.44,3.2
63271.41,3.59
78570.22,3.54
78570.22,3.98
15512.42,3.34
15518.7,3.52
15536.77,3.45
15565.58,3.19
15565.58,3.99
15571.83,3.28
78570.22,3.91
15600.92,3.57
15736.36,3.11
66183.55,3.02
66183.55,3.53
66183.55,3.16
66183.55,3.37
15988.81,3.03
15988.81,3.06
15997.48,3.44
66183.55,3.88
66183.55,3.04
66183.55,3.04
66183.55,3.44
66183.55,2.83
16195.21,3
16224.71,2.92
16240.59,3.62
16459.18,3.73
16538.4,2.89
66183.55,3.46
16577.8,3.85
16690.44,3.47
16710.45,3.17
16716.85,3.26
16748.33,3.63
16772.64,3.06
16784.15,3.35
16945.43,3.47
16960.93,3.46
66183.55,3.55
66183.55,3.4
66183.55,3.75
66183.55,3.94
17109.73,2.9
17122.03,3.93
17165.35,2.92
17165.35,3.03
17176.55,3.75
66183.55,3.64
17222.97,3.44
17286.09,2.89
17355.84,3.21
66183.55,3.74
17509.59,3.54
17516.18,3.27
17516.18,3.31
17626.99,3.96
17648,3.07
17706.52,3.18
17730.7,3.19
17740.01,3.14
17740.01,3.28
66183.55,3.06
17967.88,3.13
18003.56,3.01
18223.77,3.16
18289.51,3.59
18328.55,3.53
66183.55,3.14
18459.98,3.64
18555.28,3.24
18567.58,3.37
18647.09,3.93
18696.43,3.12
18797.81,3.03
18836.17,3.91
18844.75,3.86
18892.43,3.69
18910.17,3.2
18993.56,3.47
66183.55,3.41
19137.32,3.95
53230.17,3.16
57292.21,3.45
47779.21,3.74
56677.84,3.33
55933.54,3.24
47171.83,3.3
46824.59,3.02
46255.05,3.42
51861.74,3.26
48032.87,3.95
46271.66,3.02
42012.25,3.84
45292.21,3.02
44657.49,3.23
46118.56,2.88
51840.5,3.49
54606.67,2.85
53837.06,3.23
57829.59,3.43
59769.82,2.82
66183.55,2.82
47347.4,3.94
58264.24,3.06
72739.7,3.42
55808.39,2.84
71204.5,3.3
58778.67,3.88
51366.4,3.33
58432.31,2.95
41168.56,2.99
48855.11,3.64
42080.48,3.05
52771.61,3.96
0,3.59
59084.16,3.3
58353.25,3.18
42715.26,3.55
50559.75,3.43
46132.01,2.86
57152.68,3.19
50485,3.36
69594.85,3.74
0,3.66
0,2.9
0,3.73
0,3.36
66183.55,3.75
0,3.72
0,3.87
0,3.24
66183.55,3.83
66183.55,3.54
0,2.89
0,3.92
0,3.26
0,3.72
10206.53,2.86
11366.22,3.65
11668.93,3.45
66183.55,2.99
13645.99,3.37
15475.52,3.4
19919.13,3.92
20248.35,2.93
20518.33,3.92
66183.55,2.99
66183.55,3.06
66183.55,3.24
24533.47,3.36
24782.85,3.05
25284.39,3.41
25856.57,3.12
26559.03,3.48
66183.55,3.94
66183.55,3.52
31266.63,2.84
66183.55,3.89
35917.87,3.69
66183.55,3.23
37650.97,3.83
37800.55,3.99
38550.64,3.34
39288.64,3.36
39566.38,3.12
39669.14,2.84
41011.13,3.19
41231.34,3.13
66183.55,3.21
42687.24,3.13
42962,3.07
43753.07,3.13
44700.33,3.11
44736.84,3.69
47238.82,3.91
50510.77,3.14
52060.29,2.88
52131.17,3.16
53112.76,3.04
53142.39,2.95
53588.53,3.08
55842.26,3.46
57113.65,3.48
57268.77,3.07
63271.41,3.89
63880.71,3.57
64392.11,3.64
64737.87,3.51
64741.94,3.07
65389.45,2.81
70216.66,3.62
70402.18,3.58
70438.45,3.52
70468.69,2.86
70665.6,3.95
70950.4,3.47
71101.3,3.14
71129.64,3.61
71407.02,3.71
71885.38,2.86
72668.38,3.66
72845.5,2.93
73065.28,3.93
73322.83,3.91
73328.6,3.56
73448.53,3.73
73747.17,3.75
73980.98,2.85
74023.43,3.07
74213.76,3.66
74286.23,3.78
74455.06,3.48
75033.11,3.9
75052.23,2.83
75695.97,2.98
76094.47,3.73
76278.77,3.62
76355.44,3.52
76488.61,2.88
76579.74,3.12
76962.2,3.49
77091.37,3.03
77133.24,3.28
77787.91,3.91
77896.58,3.5
78082.16,3.16
78961.67,3.07
79154.52,3.8
79157.16,3.84
79457.53,3.47
79898.15,3.97
43214.86,3.04
0,3.21
43422.75,3.87
0,3.38
47074.28,3.22
43697.66,2.95
53737.44,2.89
59400.08,3.67
51751.92,3.36
40126.52,2.97
52237.12,2.89
49888.52,2.9
48426.22,3.19
57758.14,3.6
50900,4
46269.7,3.04
45439.29,3.29
53649.61,3.02
56998.83,3.45
46372.66,3.64
58755.27,3.38
58648.96,3.48
44111.01,3.89
41638.43,3.43
57602.04,3.71
44630.33,3.63
56654.67,3.19
43406.83,3.77
54239.87,3.13
55262.77,4
55058.37,2.81
55205.16,3.15
49776.18,2.89
43441.3,3.87
41353.24,3.6
51348.28,3.07
55917.42,3.38
41543.96,3.48
58166.31,3.04
57289.85,3.07
41639.82,3.9
51719.32,3.24
57017.1,3.22
55695.31,2.92
58022.41,3.92
46202.16,3.2
59483.66,3.82
55290.62,2.92
45807.15,3.01
45284.93,3.99
56803.68,3.56
43888.73,3.47
55776.58,3.11
47812.37,3.96
60809.92,3.33
60673.47,3.73
40924.4,3.13
41910.37,3.28
49494.21,3.1
53680.74,3.4
40911.56,3.19
63352.89,3.61
50558.88,3.05
60957.1,3.7
47306.94,3.94
61206.3,3.97
73904.58,3.8
54366.86,3.26
46378.74,2.81
74715.41,3.76
73547.35,3.76
67447.91,3.02
43398.76,3.42
42074.79,3.28
62071.3,3.03
62579.3,3.19
62591.23,3.19
69733.4,3.78
55850.43,3.86
67894.39,3.74
61901.88,3.69
43301.65,3.62
48421.43,3.52
46898.01,2.91
67038.08,4
53572.01,3.54
66610.11,3.4
44709.44,3.03
51978.21,3.35
57388.67,3.87
42597.31,2.93
67793.09,3.31
49271.13,3.82
44682.28,2.96
61270.9,3.09
62233.74,3.96
51472.6,3.03
54824.35,3.36
50353.84,3.73
52223.26,3.22
54201.83,2.8
56648.46,3.99
57416.57,3.36
41147.3,3.52
52445.16,3.26
53199.39,3.96
47906.65,3.2
59016.78,3.59
59388.76,3.54
43673.11,3.98
49445.29,3.34
49409.74,3.52
0,3.45
43712.64,3.19
54992.2,3.99
43957.02,3.28
46983.64,3.91
52641.09,3.57
47737.8,3.11
47610.74,3.02
50514.88,3.53
51357.29,3.16
42803.05,3.37
53470,3.03
59462.2,3.06
44953.96,3.44
0,3.88
70948.53,3.04
58173.31,3.04
71293.73,3.44
52098.87,2.83
0,3
0,2.92
0,3.62
0,3.73
0,2.89
0,3.46
53230.17,3.85
57292.21,3.47
47779.21,3.17
56677.84,3.26
55933.54,3.63
47171.83,3.06
46824.59,3.35
46255.05,3.47
51861.74,3.46
48032.87,3.55
46271.66,3.4
42012.25,3.75
45292.21,3.94
44657.49,2.9
46118.56,3.93
51840.5,2.92
54606.67,3.03
53837.06,3.75
57829.59,3.64
59769.82,3.44
66183.55,2.89
47347.4,3.21
58264.24,3.74
72739.7,3.54
55808.39,3.27
71204.5,3.31
58778.67,3.96
51366.4,3.07
58432.31,3.18
41168.56,3.19
48855.11,3.14
42080.48,3.28
52771.61,3.06
0,3.13
59084.16,3.01
58353.25,3.16
42715.26,3.59
50559.75,3.53
44027.21,3.14
57152.68,3.64
50485,3.24
69594.85,3.37
0,3.93
0,3.12
0,3.03
0,3.91
0,3.86
0,3.69
0,3.2
0,3.47
0,2.87
0,3.26
0,3.12
0,3.18
0,3.69
0,3.05
10206.53,3.85
11366.22,3.16
11668.93,2.98
12997.69,3.15
13645.99,3.43
15475.52,2.98
19919.13,3.6
20248.35,3.6
20518.33,3.02
20616.17,3.07
22656.12,3.11
24246.84,3.91
24533.47,3.2
24782.85,2.97
25284.39,2.85
25856.57,3.67
26559.03,3.37
26805.52,3.13
27137.04,3.14
31266.63,3.71
34739.66,3.15
35917.87,2.91
37216.79,3.68
37650.97,3.86
37800.55,3.06
38550.64,4
39288.64,3.4
39566.38,3.88
39669.14,3.12
41011.13,3.51
41231.34,3.76
41234.31,4
42687.24,3.86
42962,3.55
43753.07,3.11
44700.33,2.9
44736.84,3.47
47238.82,3.77
50510.77,3.58
52060.29,3.01
44027.21,3.42
53112.76,2.98
53142.39,3.88
53588.53,3.52
55842.26,3.87
57113.65,3.45
57268.77,2.9
63271.41,3.86
63880.71,3.75
64392.11,3.64
64737.87,2.99
64741.94,3.67
65389.45,2.89
70216.66,3.94
70402.18,3.86
70438.45,3.41
70468.69,3.95
70665.6,3.16
70950.4,3.45
71101.3,3.74
71129.64,3.33
71407.02,3.24
71885.38,3.3
72668.38,3.02
72845.5,3.42
73065.28,3.26
73322.83,3.95
73328.6,3.02
73448.53,3.84
73747.17,3.02
73980.98,3.23
74023.43,2.88
74213.76,3.49
74286.23,2.85
74455.06,3.23
75033.11,3.43
75052.23,2.82
75695.97,2.82
76094.47,3.94
76278.77,3.06
76355.44,3.42
76488.61,2.84
76579.74,3.3
76962.2,3.88
77091.37,3.33
77133.24,2.95
77787.91,2.99
77896.58,3.64
78082.16,3.05
78961.67,3.96
79154.52,3.59
79157.16,3.3
79457.53,3.18
79898.15,3.55
43214.86,3.43
0,2.86
43422.75,3.19
0,3.36
47074.28,3.74
43697.66,3.66
53737.44,2.9
59400.08,3.73
51751.92,3.36
40126.52,3.75
52237.12,3.72
49888.52,3.87
48426.22,3.24
57758.14,3.83
50900,3.54
46269.7,2.89
45439.29,3.92
53649.61,3.26
56998.83,3.72
46372.66,2.86
58755.27,3.65
58648.96,3.45
44111.01,2.99
41638.43,3.37
57602.04,3.4
44630.33,3.92
56654.67,2.93
43406.83,3.92
54239.87,2.99
55262.77,3.06
55058.37,3.24
55205.16,3.36
49776.18,3.05
43441.3,3.41
41353.24,3.12
51348.28,3.48
55917.42,3.94
41543.96,3.52
58166.31,2.84
57289.85,3.89
41639.82,3.69
51719.32,3.23
57017.1,3.83
55695.31,3.99
58022.41,3.34
46202.16,3.36
59483.66,3.12
55290.62,2.84
45807.15,3.19
45284.93,3.13
56803.68,3.21
43888.73,3.13
55776.58,3.07
47812.37,3.13
60809.92,3.11
60673.47,3.69
40924.4,3.91
41910.37,3.14
49494.21,2.88
53680.74,3.16
40911.56,3.04
44027.21,2.95
50558.88,3.08
60957.1,3.46
47306.94,3.48
61206.3,3.07
73904.58,3.89
54366.86,3.57
46378.74,3.64
74715.41,3.51
73547.35,3.07
67447.91,2.81
43398.76,3.62
42074.79,3.58
62071.3,3.52
62579.3,2.86
62591.23,3.95
69733.4,3.47
55850.43,3.14
67894.39,3.61
61901.88,3.71
43301.65,2.86
59355.71,3.66
46898.01,2.93
67038.08,3.93
53572.01,3.91
66610.11,3.56
44709.44,3.73
51978.21,3.75
57388.67,2.85
42597.31,3.07
67793.09,3.66
49271.13,3.78
44682.28,3.48
61270.9,3.9
62233.74,2.83
51472.6,2.98
54824.35,3.73
50353.84,3.62
52223.26,3.52
54201.83,2.88
56648.46,3.12
57416.57,3.49
41147.3,3.03
52445.16,3.28
53199.39,3.91
47906.65,3.5
59016.78,3.16
59388.76,3.07
43673.11,3.8
49445.29,3.84
49409.74,3.47
0,3.97
43712.64,3.04
54992.2,3.21
43957.02,3.87
46983.64,3.38
52641.09,3.22
47737.8,2.95
47610.74,2.89
50514.88,3.67
51357.29,3.36
42803.05,2.97
53470,2.89
59462.2,2.9
44953.96,3.19
42803.05,3.6
70948.53,4
58173.31,3.04
71293.73,3.29
52098.87,3.02
0,3.45
0,3.64
0,3.38
76278.77,3.48
76278.77,3.89
0,3.43
55662.89,3.71
53905.45,3.63
44924.18,3.19
49290.63,3.77
0,3.13
55274.18,4
0,2.81
62312.33,3.15
46361.22,2.89
55427.99,3.87
42803.05,3.6
53394.8,3.07
43398.98,3.38
51496.33,3.48
47946.19,3.04
44191.81,3.07
47962.14,3.9
55538.87,3.24
56578.64,3.22
43137.77,2.92
55206.06,3.92
55400.81,3.2
56721.94,3.82
43044.61,2.92
53463.56,3.01
41890.83,3.99
57522.36,3.56
55319.91,3.47
53497.49,3.11
57695.57,3.96
43611.97,3.33
54247.04,3.73
58185,3.13
13567.77,3.28
44947.68,3.1
54734.56,3.4
48273.79,3.19
41851.83,3.61
41079.78,3.05
55386.2,3.7
43385.43,3.94
47726.68,3.97
55137.45,3.8
52919.27,3.26
53924.93,2.81
43902.66,3.76
47787.97,3.76
46620.86,3.02
51766.54,3.42
51542.34,3.28
46389.7,3.03
52304.66,3.19
47082.42,3.19
41469.63,3.78
48167.28,3.86
47187.96,3.74
13567.77,3.69
42325.74,3.62
46295.01,3.52
66014.25,2.91
66014.25,4
66014.25,3.54
66014.25,3.4
0,3.03
55133.68,3.35
59696.88,3.87
0,2.93
66014.25,3.31
53546.4,3.82
46157.27,2.96
54741.16,3.09
49964,3.96
49365.84,3.03
66014.25,3.36
51501.06,3.73
44992.49,3.22
44603.39,2.8
45464.89,3.99
49545.95,3.36
50311.74,3.52
46468.2,3.26
42785.27,3.96
66014.25,3.2
66014.25,3.59
45213.52,3.54
47552.58,3.98
66014.25,3.34
66014.25,3.52
66014.25,3.45
57497.22,3.19
50066.52,3.99
66014.25,3.28
66014.25,3.91
66014.25,3.57
66014.25,3.11
57317.11,3.02
66014.25,3.53
59385.75,3.16
66014.25,3.37
44386.81,3.03
66014.25,3.06
47906.86,3.44
66014.25,3.88
66014.25,3.04
66014.25,3.04
66014.25,3.44
58622.32,2.83
45274.32,3
44080.03,2.92
46664.29,3.62
50008.19,3.73
49725.51,2.89
43512.81,3.46
66014.25,3.85
54993.21,3.47
50768.92,3.17
66014.25,3.26
52449.3,3.63
53012.65,3.06
51492.24,3.35
66014.25,3.47
66014.25,3.46
59673.87,3.55
66014.25,3.4
53758.58,3.75
50064.08,3.94
59271.88,2.9
44741.48,3.93
66014.25,2.92
47605.68,3.03
40363.15,3.75
66014.25,3.64
66014.25,3.44
66014.25,2.89
50438.48,3.21
45425.55,3.74
41273.25,3.54
66014.25,3.27
66014.25,3.31
58581.68,3.96
66014.25,3.07
46996.86,3.18
59964.07,3.19
66014.25,3.14
45717.22,3.28
57814.1,3.06
42420.56,3.13
41896.19,3.01
59594.84,3.16
51534.07,3.59
44819.31,3.53
56815.81,3.14
66014.25,3.64
42292.74,3.24
66014.25,3.37
66014.25,3.93
51451.46,3.12
45253.21,3.03
59618.83,3.91
53598.09,3.86
66014.25,3.69
59123.06,3.2
47600.19,3.47
55751.4,3.41
44027.21,3.95
56791.75,3.16
50272.07,3.45
54877.77,3.74
0,3.33
66014.25,3.24
45069.26,3.3
53973.93,3.02
44027.21,3.42
66014.25,3.26
66014.25,3.95
66014.25,3.02
44027.21,3.84
66014.25,3.02
59097.22,3.23
55607.26,2.88
55885.33,3.49
50440.65,2.85
40807.94,3.23
57311.69,3.43
66014.25,2.82
54962.51,2.82
51677.8,3.94
48436.75,3.06
44854.72,3.42
45617.79,2.84
44596,3.3
44477.37,3.88
66014.25,3.33
52327.11,2.95
66014.25,2.99
51983.72,3.64
56356.81,3.05
59254.31,3.96
66014.25,3.59
46452.13,3.3
66014.25,3.18
44256.86,3.55
66014.25,3.43
48221.16,2.86
66014.25,3.19
67772.27,3.36
62793.63,3.74
66014.25,3.66
65180.5,2.9
58084.76,3.73
56842.25,3.36
66014.25,3.75
66014.25,3.72
66014.25,3.87
63162.07,3.24
66712.89,3.83
60164.93,3.54
56143.26,2.89
58238.76,3.92
56787.63,3.26
46686.85,3.72
57733.1,2.86
60374.34,3.65
52512.33,3.45
66014.25,2.99
44024.62,3.37
44027.21,3.4
50125.72,3.92
47505.75,2.93
66014.25,3.92
63800.82,2.99
66014.25,3.06
66233.16,3.24
66014.25,3.36
61002.56,3.05
42707,3.41
53300.22,3.12
59037.45,3.48
67546.61,3.94
66014.25,3.52
66014.25,2.84
45774.24,3.89
66014.25,3.69
66014.25,3.23
66014.25,3.83
66014.25,3.99
55535.08,3.34
66014.25,3.36
66014.25,3.12
59355.71,2.84
68542.14,3.19
46213.49,3.13
68398.31,3.21
67187.73,3.13
54324.9,3.07
59208.04,3.13
52999.03,3.11
46493.72,3.69
64806.73,3.91
51704.61,3.14
64668.55,2.88
46483.87,3.16
69820.04,3.04
66014.25,2.95
46494.55,3.08
66014.25,3.46
60666.49,3.48
66014.25,3.07
68281.37,3.89
66014.25,3.57
68241.09,3.64
67288.37,3.51
0,3.07
0,2.81
0,3.62
49696.19,3.58
73364.49,3.52
66014.25,2.86
44031,3.95
62330.85,3.47
66822.36,3.14
66014.25,3.61
66014.25,3.71
66014.25,2.86
79815.91,3.66
76113.65,2.93
40519.76,3.93
51580.25,3.91
73730.03,3.56
44492.36,3.73
66046.05,3.75
66014.25,2.85
54790.79,3.07
55718.08,3.66
63049.85,3.78
53114.28,3.48
66014.25,3.9
78762.15,2.83
50953.54,2.98
71958.82,3.73
77144.37,3.62
62003.23,3.52
66014.25,2.88
66014.25,3.12
50712.47,3.49
57428.27,3.03
53459.44,3.28
59396.56,3.91
66014.25,3.5
66014.25,3.16
62312.33,3.07
41446.96,3.8
57447.33,3.84
66014.25,3.47
48838.1,3.97
41294.81,3.04
49018.11,3.21
52670.26,3.87
48059.22,3.38
67766.8,3.22
58472.47,2.95
52968.66,2.89
67634.49,3.67
54922.14,3.36
13567.77,2.97
40920.77,2.89
68311.42,2.9
13567.77,3.19
46796.35,3.6
51821.76,4
60964.65,3.04
48757.04,3.29
46192.71,3.02
59436.18,3.45
41670.27,3.64
55539.26,3.38
59180.17,3.48
43004.71,3.89
42685.35,3.43
50191.52,3.71
43389.73,3.63
54870.13,3.19
44388.49,3.77
0,3.13
62870.87,4
43494.53,2.81
42841.4,3.15
48493.06,2.89
50543.43,3.87
61523.91,3.6
59435.85,3.07
67529.1,3.38
53141.95,3.48
66545.64,3.04
48740.19,3.07
42018.48,3.9
69391.63,3.24
57618.63,3.22
52194.16,2.92
65527.05,3.92
69504.21,3.2
69251.19,3.82
63457.9,2.92
64107.81,3.01
65765.5,3.99
62501.81,3.56
63713.93,3.47
47092.83,3.11
40549.23,3.96
0,3.33
0,3.73
53550.47,3.13
42477.98,3.28
55172.85,3.1
50857.71,3.4
50196.8,3.19
59032.38,3.61
45394.01,3.05
56404.6,3.7
47795.78,3.94
59450.17,3.97
0,3.8
58949.6,3.26
41629.22,2.81
48715.62,3.76
54795.58,3.76
45069.26,3.02
58785,3.42
47606.21,3.28
58941.71,3.03
43778.1,3.19
47036.17,3.19
48423.02,3.78
52980.36,3.86
51092.15,3.74
48990.49,3.69
50368.47,3.62
42356.25,3.52
45483.5,2.91
51927.7,4
53020.43,3.54
0,3.4
49046.38,3.03
55647.11,3.35
59070.51,3.87
55349.93,2.93
54901.44,3.31
47912.91,3.82
45932.4,2.96
56281.6,3.09
52542.26,3.96
53694.86,3.03
46924.61,3.36
55944.98,3.73
52613.65,3.22
40484.36,2.8
55725.9,3.99
50052.52,3.36
47717.62,3.52
57238.89,3.26
58736.17,3.96
42842.14,3.2
56857.01,3.59
59097.85,3.54
54531.54,3.98
58277.53,3.34
58296.05,3.52
51505.71,3.45
42254.71,3.19
42964.39,3.99
53834.75,3.28
49499.41,3.91
41976.44,3.57
56817.13,3.11
57100.35,3.02
41916.51,3.53
47358.2,3.16
57682.48,3.37
49892.46,3.03
50198.25,3.06
40642.26,3.44
59847.29,3.88
57790.03,3.04
49261.46,3.04
48687.16,3.44
47717.88,2.83
43743.62,3
52746.44,2.92
56323.83,3.62
54479.62,3.73
54698.9,2.89
55187.92,3.46
46436.66,3.85
54752.07,3.47
58460.49,3.17
59898.91,3.26
52425.66,3.63
52367.97,3.06
56233.64,3.35
47856.93,3.47
52446.81,3.46
57550.92,3.55
50417.31,3.4
40642.7,3.75
53916.66,3.94
41570.06,2.9
45417.63,3.93
45462.68,2.92
46979.91,3.03
44543.54,3.75
42533.69,3.64
53853.13,3.44
45590.5,2.89
40925.95,3.21
46154.43,3.74
45516.76,3.54
40062.91,3.27
56152.8,3.31
53265.04,3.96
51429.49,3.07
42130.61,3.41
54494.16,3.95
48784.49,3.16
54294.03,3.45
0,3.74
0,3.33
43215.04,3.24
46464.22,3.3
57686.68,3.02
49070.71,3.42
41235.28,3.26
46264.57,3.95
42768.59,3.02
43124.57,3.84
40610.19,3.02
50737.1,3.23
48484.3,2.88
58369.3,3.49
57488.19,2.85
41386.51,3.23
42274.03,3.43
49277.72,2.82
63662.4,2.82
66500.47,3.94
49401.61,3.06
70462.36,3.42
63715.5,2.84
65196.44,3.3
66417.89,3.88
61508.7,3.33
49063.98,2.95
42527,2.99
67265.32,3.64
77527.73,3.05
76059.84,3.96
62843.56,3.59
78839.79,3.3
52590.45,3.18
79246.89,3.55
79308.04,3.43
65364.14,2.86
0,3.19
0,3.36
0,3.74
0,3.66
0,2.9
0,3.73
0,3.36
0,3.75
0,3.72
0,3.87
0,3.24
0,3.83
0,3.54
0,2.89
0,3.92
0,3.26
0,3.72
0,2.86
0,3.65
52590.45,3.45
0,2.99
52590.45,3.37
0,3.4
0,3.92
0,2.93
0,3.92
0,2.99
52590.45,3.06
0,3.24
0,3.36
76788.11,3.05
0,3.41
0,3.12
76820.5,3.48
76900.95,3.94
52590.45,3.52
0,2.84
77006.95,3.89
0,3.69
0,3.23
0,3.83
0,3.99
0,3.34
0,3.36
0,3.12
77345.42,2.84
0,3.19
0,3.13
0,3.21
0,3.13
77346.24,3.07
0,3.13
0,3.11
0,3.69
0,3.91
77413.56,3.14
0,2.88
77440.26,3.16
52590.45,3.04
0,2.95
77640.65,3.08
77655.63,3.46
0,3.48
0,3.07
76788.11,3.89
0,3.57
0,3.64
0,3.51
0,3.07
52590.45,2.81
0,3.62
0,3.58
76820.5,3.52
76900.95,2.86
0,3.95
77006.95,3.47
0,3.14
0,3.61
0,3.71
0,2.86
0,3.66
0,2.93
77345.42,3.93
77346.24,3.91
0,3.56
77413.56,3.73
77440.26,3.75
52590.45,2.85
0,3.07
0,3.66
0,3.78
0,3.48
52590.45,3.9
0,2.83
52590.45,2.98
0,3.73
0,3.62
0,3.52
0,2.88
0,3.12
0,3.49
77640.65,3.03
77655.63,3.28
0,3.91
0,3.5
76713.17,3.16
76744.23,3.07
76758.63,3.8
76788.11,3.84
76814.8,3.47
76820.5,3.97
76900.95,3.04
76909.24,3.21
76961.09,3.87
77006.95,3.38
77032.07,3.22
77032.58,2.95
77045.97,2.89
77077.06,3.67
77228.57,3.36
77258.34,2.97
77345.42,2.89
77346.24,2.9
77367.48,3.19
77413.56,3.6
77415.05,4
77421.04,3.04
77421.73,3.29
77440.26,3.02
77454.62,3.45
77457.52,3.64
77460.94,3.38
77474.01,3.48
77518.15,3.89
77569.69,3.43
77587.99,3.71
77640.65,3.63
77642.96,3.19
77655.63,3.77
77656.04,3.13
77704.8,4
11406.17,2.81
11636.06,3.15
11741.58,2.89
11766.83,3.87
11766.83,3.6
12288.27,3.07
77006.95,3.38
13326.03,3.48
77345.42,3.04
13376.85,3.07
77346.24,3.9
13636.77,3.24
77413.56,3.22
14119.38,2.92
14280.93,3.92
14440.73,3.2
14486.18,3.82
14689.7,2.92
77440.26,3.01
14726.24,3.99
14871.69,3.56
15134.42,3.47
77640.65,3.11
15361.15,3.96
15446.82,3.33
77655.63,3.73
76788.11,3.13
15600.92,3.28
15600.92,3.1
15748.95,3.4
76820.5,3.19
76900.95,3.61
15893.97,3.05
16000.25,3.7
16071.43,3.94
16087.41,3.97
77006.95,3.8
16195.21,3.26
16558.34,2.81
77345.42,3.76
77346.24,3.76
17062.44,3.02
77413.56,3.42
17220.48,3.28
17491,3.03
17967.88,3.19
77440.26,3.19
19133.07,3.78
19393.49,3.86
19431.97,3.74
19471.89,3.69
77640.65,3.62
19567.13,3.52
19596.06,2.91
19767.89,4
77655.63,3.54
76788.11,3.4
19998.77,3.03
20159.52,3.35
20209.83,3.87
20505.19,2.93
20664.31,3.31
20748.28,3.82
76820.5,2.96
20913.85,3.09
20957.53,3.96
76900.95,3.03
21101.85,3.36
77006.95,3.73
21358.44,3.22
21581.73,2.8
77345.42,3.99
77346.24,3.36
21687.73,3.52
21799.99,3.26
22123.5,3.96
22263.32,3.2
77413.56,3.59
77440.26,3.54
77640.65,3.98
23133.79,3.34
77655.63,3.52
23860.74,3.45
23860.74,3.19
24154.55,3.99
77704.8,3.28
24469.67,3.91
24565.62,3.57
24764.28,3.11
24804.39,3.02
24807.94,3.53
25000,3.16
25000,3.37
25000,3.03
25000,3.06
25054.24,3.44
77006.95,3.88
77345.42,3.04
25377.95,3.04
77346.24,3.44
77413.56,2.83
25846.81,3
26118.23,2.92
77440.26,3.62
26559.03,3.73
26670.86,2.89
26693.09,3.46
77640.65,3.85
26913.21,3.47
26924.92,3.17
26924.94,3.26
77655.63,3.63
27023.93,3.06
27078.08,3.35
27081.23,3.47
27296.36,3.46
76788.11,3.55
76820.5,3.4
27958.9,3.75
28189.41,3.94
28219.3,2.9
76900.95,3.93
28536.99,2.92
28562.81,3.03
28574.52,3.75
28598.71,3.64
28622.95,3.44
77006.95,2.89
77345.42,3.21
77346.24,3.74
29217.93,3.54
29221.75,3.27
29283.69,3.31
77413.56,3.96
29838.66,3.07
77440.26,3.18
29878.88,3.19
77640.65,3.14
29949.53,3.28
77655.63,3.06
30004.47,3.13
30009.02,3.01
30202.66,3.16
30628.68,3.59
30839.43,3.53
76788.11,3.14
31066.96,3.64
31228.15,3.24
76820.5,3.37
31379.68,3.93
76900.95,3.12
31755.8,3.03
31755.8,3.91
77006.95,3.86
31920.26,3.69
32018.69,3.2
32288.36,3.47
32320.75,2.87
77345.42,3.26
77346.24,3.12
32414.54,3.18
32579.73,3.69
33087.65,3.05
77413.56,3.85
77440.26,3.16
33627.4,2.98
77640.65,3.15
33772.65,3.43
77655.63,2.98
33899.25,3.6
34117.51,3.6
34580.6,3.02
34595.84,3.07
34609.53,3.11
34680.34,3.91
77704.8,3.2
34860.33,2.97
35053.85,2.85
35230.73,3.67
35313.95,3.37
35424.43,3.13
35440.91,3.14
35544.01,3.71
35567.69,3.15
35632.52,2.91
35946.14,3.68
36009.79,3.86
77006.95,3.06
36192.63,4
77345.42,3.4
36337.44,3.88
36612.15,3.12
77346.24,3.51
77413.56,3.76
36929.49,4
77440.26,3.86
37661.77,3.55
77640.65,3.11
37753.89,2.9
77655.63,3.47
37948.83,3.77
37956.31,3.58
37956.57,3.01
76788.11,3.42
38097.21,2.98
38238.7,3.88
38263.74,3.52
38337.24,3.87
38397.67,3.45
76820.5,2.9
76900.95,3.86
38745.07,3.75
38787.11,3.64
77006.95,2.99
77345.42,3.67
57640.58,2.89
77346.24,3.94
57767.36,3.86
44027.21,3.41
58061.71,3.95
58133.22,3.16
77413.56,3.45
58215.38,3.74
58501.7,3.33
58623.25,3.24
58648.23,3.3
58752.94,3.02
58767.51,3.42
58948.26,3.26
59045.12,3.95
59046.52,3.02
44027.21,3.84
77440.26,3.02
59303.12,3.23
59415.54,2.88
59477.44,3.49
59666.66,2.85
59728.11,3.23
59992.12,3.43
60015.22,2.82
60124.84,2.82
77640.65,3.94
60336.49,3.06
77655.63,3.42
60632.75,2.84
60843.75,3.3
60859.83,3.88
44027.21,3.33
61230.3,2.95
76788.11,2.99
61484.21,3.64
61669.59,3.05
76820.5,3.96
76900.95,3.59
61931.73,3.3
77006.95,3.18
62323.66,3.55
62524.93,3.43
62584.49,2.86
77345.42,3.19
62613.23,3.36
77346.24,3.74
62921.58,3.66
77413.56,2.9
63107.54,3.73
63409.24,3.36
63446.93,3.75
63574.72,3.72
63590.55,3.87
63638.86,3.24
77440.26,3.83
63784.83,3.54
63848.36,2.89
77640.65,3.92
64051.55,3.26
77655.63,3.72
64222.13,2.86
64385.27,3.65
77704.8,3.45
64561.7,2.99
64674.08,3.37
65057.05,3.4
65199.88,3.92
65239.46,2.93
65317.57,3.92
65365.4,2.99
65422.4,3.06
65514.02,3.24
65588.56,3.36
65655.54,3.05
65693.83,3.41
65745.65,3.12
65897.01,3.48
65911.85,3.94
65999.59,3.52
66093.51,2.84
44774.19,3.89
44831.92,3.69
44840.8,3.23
44840.8,3.83
44927.14,3.99
44927.78,3.34
44955.3,3.36
45000,3.12
45000,2.84
45000,3.19
45000,3.13
45194.54,3.21
45584.63,3.13
46229.33,3.07
46397.02,3.13
46544.11,3.11
46583.86,3.69
46608.77,3.91
46642.3,3.14
46698.58,2.88
65693.83,3.16
46823.14,3.04
59355.71,2.95
47376.9,3.08
47433.76,3.46
47643.42,3.48
47743.3,3.07
47864.59,3.89
47942.73,3.57
47975.13,3.64
48116.71,3.51
48134.37,3.07
48198.55,2.81
48249.19,3.62
48402.45,3.58
48421.29,3.52
48486.27,2.86
48517.83,3.95
48961.51,3.47
49055.7,3.14
49503.4,3.61
49691.68,3.71
49735.81,2.86
49776.36,3.66
49924.57,2.93
50087.28,3.93
50220.29,3.91
50332.29,3.56
50584.29,3.73
50773.87,3.75
50829.51,2.85
50836.28,3.07
50853.43,3.66
50879.7,3.78
50894.76,3.48
50912.71,3.9
50923.15,2.83
50977.03,2.98
51121.45,3.73
51303.25,3.62
51317.79,3.52
51457.61,2.88
51962.47,3.12
52135.37,3.49
52244.37,3.03
52313.43,3.28
52357.01,3.91
52362.37,3.5
52367.81,3.16
52382.44,3.07
52523.26,3.8
52592.82,3.84
53095.62,3.47
53161.42,3.97
53424.34,3.04
53441.25,3.21
53567.8,3.87
53579.74,3.38
53690.26,3.22
53741.9,2.95
53778.21,2.89
65693.83,3.67
53944.36,3.36
54181.02,2.97
54194.86,2.89
54217.51,2.9
54296.05,3.19
54358.06,3.6
54528.12,4
54570.42,3.04
54592.42,3.29
54719.07,3.02
55000,3.45
55000,3.64
55000,3.38
55138.44,3.48
55264.42,3.89
55399.51,3.43
55417.92,3.71
55433.06,3.63
55555.09,3.19
55742.21,3.77
56013.82,3.13
56096.06,4
56112.66,2.81
56140.32,3.15
56197.96,2.89
56210.43,3.87
56260.56,3.6
56320.83,3.07
56368.09,3.38
56414.06,3.48
56618.84,3.04
56625.47,3.07
56828.93,3.9
56841.75,3.24
56868.15,3.22
56937.06,2.92
56950.5,3.92
57170.09,3.2
57178.1,3.82
57266.8,2.92
62312.33,3.01
57484.76,3.99
57518.12,3.56
57530.05,3.47
57588.78,3.11
57640.58,3.96
57693.24,3.33
57767.36,3.73
57957.35,3.13
58061.71,3.28
58133.22,3.1
58140.57,3.4
58215.38,3.19
58501.7,3.61
58623.25,3.05
58648.23,3.7
58752.94,3.94
58767.51,3.97
58948.26,3.8
59045.12,3.26
59046.52,2.81
59142.22,3.76
59146.57,3.76
59303.12,3.02
59415.54,3.42
59477.44,3.28
59666.66,3.03
59728.11,3.19
59992.12,3.19
60015.22,3.78
60124.84,3.86
60315.36,3.74
60336.49,3.69
60412.28,3.62
60632.75,3.52
60843.75,2.91
60859.83,4
61210.13,3.54
61230.3,3.4
65693.83,3.03
61484.21,3.35
61669.59,3.87
61766.24,2.93
61906.84,3.31
61931.73,3.82
61944.95,2.96
13567.77,3.09
62524.93,3.96
62584.49,3.03
62595.14,3.36
62613.23,3.73
62635.22,3.22
62921.58,2.8
62965.74,3.99
50332.29,3.36
63409.24,3.52
63446.93,3.26
63574.72,3.96
63590.55,3.2
63638.86,3.59
63772.15,3.54
63784.83,3.98
63848.36,3.34
64031.22,3.52
64051.55,3.45
64148.08,3.19
64222.13,3.99
64385.27,3.28
64542.02,3.91
64561.7,3.57
64674.08,3.11
65057.05,3.02
65199.88,3.53
65239.46,3.16
65317.57,3.37
65365.4,3.03
65422.4,3.06
65514.02,3.44
65588.56,3.88
65655.54,3.04
65693.83,3.04
65745.65,3.44
65897.01,2.83
65911.85,3
65999.59,2.92
65693.83,3.62
52244.37,3.73
66249.32,2.89
52357.01,3.46
66693.66,3.85
66779.37,3.47
66816.06,3.17
66948.8,3.26
66966.38,3.63
67188.34,3.06
67270.99,3.35
67390.39,3.47
67410.73,3.46
67432.86,3.55
67537.9,3.4
67700.71,3.75
67738.18,3.94
67810.25,2.9
67837.3,3.93
13567.77,2.92
68130.07,3.03
68154.38,3.75
53424.34,3.64
68427.61,3.44
68493.47,2.89
68634.95,3.21
68729.97,3.74
68757.24,3.54
68866.71,3.27
68974.82,3.31
69037.27,3.96
55000,3.07
69392.5,3.18
56197.96,3.19
69418.17,3.14
69538.21,3.28
69581.17,3.06
69946.41,3.13
70000.38,3.01
70109.05,3.16
70120.75,3.59
70168.83,3.53
70171.77,3.14
70181.74,3.64
70214.65,3.24
0,3.37
70224.29,3.93
70237.08,3.12
70276.56,3.03
70314.43,3.91
70346.68,3.86
70381.53,3.69
70398.26,3.2
70424,3.47
70464.55,3.41
70465.57,3.95
70508.73,3.16
70514.63,3.45
70522.89,3.74
70575.57,3.33
70584.9,3.24
70603.58,3.3
70604.36,3.02
70664.18,3.42
70697,3.26
70783.35,3.95
70795.69,3.02
70813.43,3.84
70822.32,3.02
70826.51,3.23
70896.43,2.88
70917.26,3.49
70929.16,2.85
70934.23,3.23
70936.94,3.43
70948.59,2.82
70983.12,2.82
70985.26,3.94
71035.54,3.06
56368.09,3.42
71068.68,2.84
71074.2,3.3
58752.94,3.88
71098.44,3.33
71118.25,2.95
71149.55,2.99
71195.18,3.64
71198.15,3.05
71206.56,3.96
71209.6,3.59
71221.96,3.3
71252.27,3.18
71262.79,3.55
71276.5,3.43
71292.43,2.86
71366.76,3.19
71412.08,3.36
71417.32,3.74
71445.96,3.66
71471.87,2.9
71498.74,3.73
71523.14,3.36
71527.18,3.75
71528.06,3.72
58767.51,3.87
71598.9,3.24
71616.53,3.83
71664.18,3.54
71666.55,2.89
71700.9,3.92
71741.05,3.26
71751.2,3.72
71753.17,2.86
71753.65,3.65
71799.88,3.45
71812.11,2.99
71839.22,3.37
71852.75,3.4
71934.36,3.92
44027.21,2.93
71993,3.92
72087.93,2.99
72147.37,3.06
59415.54,3.24
72206.04,3.36
72235.64,3.05
72253.65,3.41
72256.31,3.12
72263.51,3.48
65693.83,3.94
72278.56,3.52
72293.31,2.84
59415.54,3.89
72340.1,3.69
72358.18,3.23
44027.21,3.83
72384.1,3.99
72397.98,3.34
72401.59,3.36
72455.31,3.12
72478.39,2.84
72584.55,3.19
72597.48,3.13
72613.8,3.21
59415.54,3.13
72649.04,3.07
72666.78,3.13
72693.97,3.11
72698.62,3.69
72710.27,3.91
72739.27,3.14
72778.16,2.88
72832.01,3.16
72841.26,3.04
72843.77,2.95
72998.84,3.08
73124.57,3.46
73205.85,3.48
73227.74,3.07
73232.67,3.89
73236,3.57
73302.36,3.64
73315.23,3.51
73345.22,3.07
73348.78,2.81
73451.37,3.62
59415.54,3.58
73524.41,3.52
73525.67,2.86
73532.24,3.95
73547.22,3.47
73547.77,3.14
73575.14,3.61
73582.82,3.71
73748.92,2.86
73758.64,3.66
73778.91,2.93
73798.89,3.93
73842.28,3.91
73927.15,3.56
73936.09,3.73
73945.48,3.75
73969.02,2.85
73972.45,3.07
73978.87,3.66
73992.72,3.78
74012.93,3.48
74014.23,3.9
74046.28,2.83
74060.49,2.98
65693.83,3.73
74081.81,3.62
74082.18,3.52
74089.99,2.88
74102,3.12
74134.86,3.49
74151.67,3.03
74219.05,3.28
74261.22,3.91
74288.3,3.5
74361.65,3.16
74375.93,3.07
74387.19,3.8
74401.58,3.84
74416.7,3.47
74437.29,3.97
74443.2,3.04
74516.04,3.21
74546.13,3.87
74648.74,3.38
74661.93,3.22
74666.74,2.95
74742.85,2.89
74823.51,3.67
74943.45,3.36
74994.1,2.97
75028.58,2.89
75057.96,2.9
75084.74,3.19
75179.15,3.6
75231.12,4
75246.78,3.04
75261.47,3.29
75332.14,3.02
75349.93,3.45
75531.3,3.64
75557.02,3.38
75565.7,3.48
75582.49,3.89
75587.67,3.43
75634.89,3.71
75658.76,3.63
75666.9,3.19
75684.05,3.77
75687.93,3.13
75694.23,4
75769.3,2.81
75791.77,3.15
75863.38,2.89
75932.19,3.87
75953.65,3.6
75993.75,3.07
75999.37,3.38
59415.54,3.48
76023.51,3.04
76035.12,3.07
76054.48,3.9
76068.96,3.24
76090.52,3.22
76207.26,2.92
76219.45,3.92
76219.52,3.2
76239.66,3.82
76240.45,2.92
76272.89,3.01
76284.65,3.99
76313,3.56
76336.41,3.47
76346.01,3.11
76431.7,3.96
76456.84,3.33
76508.19,3.73
76682.93,3.13
76713.17,3.28
76744.23,3.1
44027.21,3.4
76788.11,3.19
76814.8,3.61
76820.5,3.05
76900.95,3.7
76909.24,3.94
76961.09,3.97
77006.95,3.8
77032.07,3.26
77032.58,2.81
77045.97,3.76
77077.06,3.76
77228.57,3.02
77258.34,3.42
77345.42,3.28
59415.54,3.03
77367.48,3.19
77413.56,3.19
77415.05,3.78
77421.04,3.86
77421.73,3.74
77440.26,3.69
77454.62,3.62
77457.52,3.52
77460.94,2.91
59415.54,4
77518.15,3.54
77569.69,3.4
77587.99,3.03
77640.65,3.35
77642.96,3.87
77655.63,2.93
77656.04,3.31
77704.8,3.82
0,2.96
0,3.09
0,3.96
0,3.03
0,3.36
0,3.73
0,3.22
0,2.8
0,3.99
75332.14,3.36
0,3.52
0,3.26
75349.93,3.96
0,3.2
0,3.59
0,3.54
75658.76,3.98
76035.12,3.34
0,3.52
0,3.45
0,3.19
0,3.99
0,3.28
0,3.91
76272.89,3.57
76284.65,3.11
0,3.02
76313,3.53
76682.93,3.16
76900.95,3.37
77077.06,3.03
0,3.06
0,3.44
0,3.88
77345.42,3.04
77367.48,3.04
77421.73,3.44
77440.26,2.83
77569.69,3
0,2.92
0,3.62
0,3.73
0,2.89
0,3.46
77587.99,3.85
0,3.47
0,3.17
0,3.26
0,3.63
0,3.06
0,3.35
0,3.47
0,3.46
0,3.55
77640.65,3.4
0,3.75
0,3.94
0,2.9
0,3.93
0,2.92
0,3.03
0,3.75
0,3.64
0,3.44
0,2.89
0,3.21
41266.1,3.74
41305.75,3.54
41316.11,3.27
41316.74,3.31
41324.58,3.96
41408.38,3.07
41566.41,3.94
41720.62,2.9
41757.84,3.93
41879.26,2.92
41998.13,3.03
42027.36,3.75
42038.93,3.64
42042.88,3.44
42047.4,2.89
42146.49,3.21
42152.96,3.74
42241.68,3.54
42278.79,3.27
42312.36,3.31
42419.36,3.96
42470.37,3.07
42551.68,3.41
42613.9,3.95
42677.42,3.16
42682.3,3.45
42682.34,3.74
78599.92,3.33
78603.23,3.24
78611.98,3.3
78670,3.02
78773.49,3.42
78807.92,3.26
79002.3,3.95
79145.52,3.02
79150.49,3.84
79408.69,3.02
79432.68,3.23
79845.07,2.88
79925.03,3.49
55662.89,2.85
53905.45,3.23
44924.18,3.43
49290.63,2.82
0,2.82
55274.18,3.94
0,3.06
52271.5,3.42
46361.22,2.84
55427.99,3.3
0,3.88
53394.8,3.33
43398.98,2.95
51496.33,2.99
47946.19,3.64
44191.81,3.05
47962.14,3.96
55538.87,3.59
56578.64,3.3
43137.77,3.18
55206.06,3.55
55400.81,3.43
56721.94,2.86
43044.61,3.19
53463.56,3.36
41890.83,3.74
57522.36,3.66
59355.71,2.9
53497.49,3.73
62312.33,3.36
43611.97,3.75
54247.04,3.72
58185,3.87
41353.94,3.24
44947.68,3.83
54734.56,3.54
48273.79,2.89
41851.83,3.92
41079.78,3.26
55386.2,3.72
43385.43,2.86
47726.68,3.65
55137.45,3.45
52919.27,2.99
53924.93,3.37
43902.66,3.4
47787.97,3.92
46620.86,2.93
51766.54,3.92
51542.34,2.99
46389.7,3.06
52304.66,3.24
47082.42,3.36
41469.63,3.05
48167.28,3.41
47187.96,3.12
58683.6,3.48
42325.74,3.94
46295.01,3.52
58532.39,2.84
58733.55,3.89
56215.25,3.69
45591.22,3.23
57226.86,3.83
55133.68,3.99
59696.88,3.34
0,3.36
57376.59,3.12
53546.4,2.84
46157.27,3.19
54741.16,3.13
49964,3.21
49365.84,3.13
50134.05,3.07
51501.06,3.13
44992.49,3.11
44603.39,3.69
45464.89,3.91
49545.95,3.14
50311.74,2.88
46468.2,3.16
42785.27,3.04
58461,2.95
46874.59,3.08
45213.52,3.46
47552.58,3.48
52933.52,3.07
49424.7,3.89
56344.38,3.57
57497.22,3.64
50066.52,3.51
53997.37,3.07
59374.23,2.81
44010.86,3.62
53702.54,3.58
57317.11,3.52
51249.2,2.86
59385.75,3.95
53325.35,3.47
44386.81,3.14
51202.86,3.61
47906.86,3.71
43477.14,2.86
50978.61,3.66
48043.19,2.93
52057.66,3.93
58622.32,3.91
45274.32,3.56
44080.03,3.73
46664.29,3.75
50008.19,2.85
49725.51,3.07
43512.81,3.66
42293.25,3.78
54993.21,3.48
50768.92,3.9
56042.79,2.83
52449.3,2.98
53012.65,3.73
51492.24,3.62
50986.06,3.52
56594.15,2.88
59673.87,3.12
56804.74,3.49
53758.58,3.03
50064.08,3.28
59271.88,3.91
44741.48,3.5
53275.08,3.16
47605.68,3.07
40363.15,3.8
53815.68,3.84
50859.25,3.47
47264.6,3.97
50438.48,3.04
45425.55,3.21
41273.25,3.87
43242.59,3.38
57523.85,3.22
58581.68,2.95
40934.74,2.89
46996.86,3.67
59964.07,3.36
49674.53,2.97
45717.22,2.89
57814.1,2.9
42420.56,3.19
41896.19,3.6
59594.84,4
51534.07,3.04
44819.31,3.29
56815.81,3.02
46314.06,3.45
42292.74,3.64
46567.81,3.38
53637.51,3.48
51451.46,3.89
45253.21,3.43
59618.83,3.71
53598.09,3.63
49264.82,3.19
59123.06,3.77
47600.19,3.13
55751.4,4
52710.7,2.81
56791.75,3.15
13567.77,2.89
54877.77,3.87
0,3.6
54039.08,3.07
45069.26,3.38
53973.93,3.48
44027.21,3.04
45995.49,3.07
48091.79,3.9
55126.62,3.24
44364.94,3.22
44911.5,2.92
59097.22,3.92
55607.26,3.2
55885.33,3.82
50440.65,2.92
40807.94,3.01
57311.69,3.99
40976.76,3.56
54962.51,3.47
51677.8,3.11
48436.75,3.96
44854.72,3.33
45617.79,3.73
13567.77,3.13
44477.37,3.28
58799.03,3.1
52327.11,3.4
57611.71,3.19
51983.72,3.61
56356.81,3.05
59254.31,3.7
58161.69,3.94
46452.13,3.97
49674.87,3.8
44256.86,3.26
51922.29,2.81
48221.16,3.76
0,3.76
67772.27,3.02
62793.63,3.42
44802.56,3.28
65180.5,3.03
58084.76,3.19
56842.25,3.19
64812.06,3.78
51584.17,3.86
66014.25,3.74
63162.07,3.69
66712.89,3.62
60164.93,3.52
56143.26,2.91
58238.76,4
56787.63,3.54
46686.85,3.4
57733.1,3.03
60374.34,3.35
52512.33,3.87
57070.22,2.93
44024.62,3.31
43531.94,3.82
50125.72,2.96
47505.75,3.09
69594.31,3.96
63800.82,3.03
61060.17,3.36
66233.16,3.73
54047.48,3.22
61002.56,2.8
42707,3.99
53300.22,3.36
59037.45,3.52
67546.61,3.26
60676.97,3.96
59072.66,3.2
45774.24,3.59
47222.56,3.54
41371.35,3.98
46425.16,3.34
41113.39,3.52
55535.08,3.45
65563.26,3.19
52092.32,3.99
67441.35,3.28
68542.14,3.91
46213.49,3.57
68398.31,3.11
67187.73,3.02
54324.9,3.53
59208.04,3.16
52999.03,3.37
46493.72,3.03
64806.73,3.06
51704.61,3.44
64668.55,3.88
46483.87,3.04
69820.04,3.04
61351.36,3.44
46494.55,2.83
50666.04,3
44027.21,2.92
46943.61,3.62
68281.37,3.73
69629.59,2.89
68241.09,3.46
67288.37,3.85
0,3.47
0,3.17
0,3.26
49696.19,3.63
73364.49,3.06
64762.33,3.35
44031,3.47
62330.85,3.46
66822.36,3.55
61680.93,3.4
47467.38,3.75
52823.88,3.94
79815.91,2.9
76113.65,3.93
40519.76,2.92
51580.25,3.03
73730.03,3.75
44492.36,3.64
66046.05,3.44
43300.57,2.89
54790.79,3.21
55718.08,3.74
63049.85,3.54
53114.28,3.27
77846.28,3.31
78762.15,3.96
50953.54,3.07
71958.82,3.18
77144.37,3.19
62003.23,3.14
40259.78,3.28
47852.34,3.06
50712.47,3.13
57428.27,3.01
53459.44,3.16
59396.56,3.59
69919.89,3.53
40441.28,3.14
52154.06,3.64
41446.96,3.24
57447.33,3.37
53783.84,3.93
48838.1,3.12
41294.81,3.03
49018.11,3.91
52670.26,3.86
48059.22,3.69
67766.8,3.2
58472.47,3.47
52968.66,2.87
67634.49,3.26
54922.14,3.12
65194.69,3.18
40920.77,3.69
68311.42,3.05
69897.46,3.85
46796.35,3.16
51821.76,2.98
60964.65,3.15
48757.04,3.43
46192.71,2.98
59436.18,3.6
41670.27,3.6
55539.26,3.02
59180.17,3.07
43004.71,3.11
42685.35,3.91
50191.52,3.2
43389.73,2.97
54870.13,2.85
44388.49,3.67
63371.92,3.37
62870.87,3.13
43494.53,3.14
42841.4,3.71
48493.06,3.15
50543.43,2.91
61523.91,3.68
59435.85,3.86
67529.1,3.06
53141.95,4
66545.64,3.4
48740.19,3.88
42018.48,3.12
69391.63,3.51
57618.63,3.76
52194.16,4
65527.05,3.86
69504.21,3.55
69251.19,3.11
63457.9,2.9
64107.81,3.47
65765.5,3.77
62501.81,3.58
63713.93,3.01
47092.83,3.42
40549.23,2.98
0,3.88
0,3.52
53550.47,3.87
42477.98,3.45
55172.85,2.9
50857.71,3.86
50196.8,3.75
59032.38,3.64
45394.01,2.99
56404.6,3.67
47795.78,2.89
59450.17,3.94
44027.21,3.86
58949.6,3.41
41629.22,3.95
48715.62,3.16
54795.58,3.45
45069.26,3.74
58785,3.33
47606.21,3.24
58941.71,3.3
43778.1,3.02
47036.17,3.42
48423.02,3.26
52980.36,3.95
51092.15,3.02
48990.49,3.84
50368.47,3.02
42356.25,3.23
45483.5,2.88
51927.7,3.49
53020.43,2.85
0,3.23
44027.21,3.43
55647.11,2.82
59070.51,2.82
55349.93,3.94
54901.44,3.06
47912.91,3.42
45932.4,2.84
56281.6,3.3
52542.26,3.88
53694.86,3.33
46924.61,2.95
55944.98,2.99
52613.65,3.64
40484.36,3.05
55725.9,3.96
50052.52,3.59
47717.62,3.3
57238.89,3.18
58736.17,3.55
42842.14,3.43
56857.01,2.86
59097.85,3.19
54531.54,3.36
58277.53,3.74
58296.05,3.66
51505.71,2.9
42254.71,3.73
42964.39,3.36
53834.75,3.75
49499.41,3.72
41976.44,3.87
56817.13,3.24
57100.35,3.83
41916.51,3.54
47358.2,2.89
57682.48,3.92
49892.46,3.26
50198.25,3.72
40642.26,2.86
59847.29,3.65
57790.03,3.45
49261.46,2.99
48687.16,3.37
47717.88,3.4
43743.62,3.92
52746.44,2.93
56323.83,3.92
54479.62,2.99
54698.9,3.06
55187.92,3.24
46436.66,3.36
54752.07,3.05
58460.49,3.41
59898.91,3.12
52425.66,3.48
52367.97,3.94
56233.64,3.52
47856.93,2.84
52446.81,3.89
57550.92,3.69
50417.31,3.23
40642.7,3.83
59355.71,3.99
41570.06,3.34
45417.63,3.36
45462.68,3.12
46979.91,2.84
44543.54,3.19
42533.69,3.13
53853.13,3.21
45590.5,3.13
40925.95,3.07
46154.43,3.13
45516.76,3.11
40062.91,3.69
56152.8,3.91
53265.04,3.14
51429.49,2.88
42130.61,3.16
54494.16,3.04
48784.49,2.95
54294.03,3.08
0,3.46
0,3.48
43215.04,3.07
46464.22,3.89
57686.68,3.57
49070.71,3.64
62312.33,3.51
46264.57,3.07
42768.59,2.81
43124.57,3.62
40610.19,3.58
50737.1,3.52
48484.3,2.86
58369.3,3.95
57488.19,3.47
41386.51,3.14
42274.03,3.61
49277.72,3.71
63662.4,2.86
66500.47,3.66
49401.61,2.93
70462.36,3.93
63715.5,3.91
65196.44,3.56
66417.89,3.73
61508.7,3.75
49063.98,2.85
42527,3.07
67265.32,3.66
13567.77,3.78
76059.84,3.48
62843.56,3.9
78839.79,2.83
52590.45,2.98
79246.89,3.73
79308.04,3.62
13567.77,3.52
0,2.88
0,3.12
0,3.49
0,3.03
0,3.28
0,3.91
0,3.5
78599.92,3.16
78603.23,3.07
78611.98,3.8
78670,3.84
78773.49,3.47
78807.92,3.97
79002.3,3.04
79145.52,3.21
79150.49,3.87
0,3.38
79432.68,3.22
79845.07,2.95
79925.03,2.89
55662.89,3.67
53905.45,3.36
44924.18,2.97
49290.63,2.89
0,2.9
55274.18,3.19
0,3.6
52271.5,4
46361.22,3.04
55427.99,3.29
0,3.02
53394.8,3.45
43398.98,3.64
51496.33,3.38
47946.19,3.48
44191.81,3.89
47962.14,3.43
55538.87,3.71
56578.64,3.63
43137.77,3.19
55206.06,3.77
55400.81,3.13
56721.94,4
43044.61,2.81
53463.56,3.15
41890.83,2.89
57522.36,3.87
55319.91,3.6
53497.49,3.07
57695.57,3.38
43611.97,3.48
54247.04,3.04
58185,3.07
41353.94,3.9
44947.68,3.24
54734.56,3.22
48273.79,2.92
41851.83,3.92
41079.78,3.2
55386.2,3.82
43385.43,2.92
47726.68,3.01
55137.45,3.99
52919.27,3.56
53924.93,3.47
43902.66,3.11
47787.97,3.96
46620.86,3.33
51766.54,3.73
51542.34,3.13
46389.7,3.28
52304.66,3.1
47082.42,3.4
41469.63,3.19
48167.28,3.61
47187.96,3.05
58683.6,3.7
42325.74,3.94
46295.01,3.97
58532.39,3.8
58733.55,3.26
56215.25,2.81
45591.22,3.76
57226.86,3.76
55133.68,3.02
59696.88,3.42
0,3.28
57376.59,3.03
53546.4,3.19
46157.27,3.19
54741.16,3.78
49964,3.86
49365.84,3.74
50134.05,3.69
51501.06,3.62
44992.49,3.52
44603.39,2.91
45464.89,4
49545.95,3.54
50311.74,3.4
44027.21,3.03
42785.27,3.35
58461,3.87
46874.59,2.93
45213.52,3.31
47552.58,3.82
52933.52,2.96
49424.7,3.09
56344.38,3.96
57497.22,3.03
50066.52,3.36
53997.37,3.73
44027.21,3.22
44010.86,2.8
53702.54,3.99
57317.11,3.36
51249.2,3.52
59385.75,3.26
53325.35,3.96
44386.81,3.2
51202.86,3.59
47906.86,3.54
43477.14,3.98
50978.61,3.34
48043.19,3.52
52057.66,3.45
58622.32,3.19
45274.32,3.99
44080.03,3.28
46664.29,3.91
50008.19,3.57
49725.51,3.11
43512.81,3.02
42293.25,3.53
54993.21,3.16
50768.92,3.37
56042.79,3.03
52449.3,3.06
53012.65,3.44
51492.24,3.88
50986.06,3.04
56594.15,3.04
59673.87,3.44
56804.74,2.83
53758.58,3
50064.08,2.92
59271.88,3.94
44741.48,2.9
53275.08,3.93
47605.68,2.92
40363.15,3.03
53815.68,3.75
50859.25,3.64
47264.6,3.44
50438.48,2.89
45425.55,3.21
41273.25,3.74
43242.59,3.54
57523.85,3.27
58581.68,3.31
40934.74,3.96
46996.86,3.07
44027.21,3.41
49674.53,3.95
45717.22,3.16
57814.1,3.45
42420.56,3.74
41896.19,3.33
59594.84,3.24
51534.07,3.3
44819.31,3.02
56815.81,3.42
46314.06,3.26
42292.74,3.95
46567.81,3.02
53637.51,3.84
51451.46,3.02
45253.21,3.23
59618.83,2.88
53598.09,3.49
49264.82,2.85
59123.06,3.23
47600.19,3.43
55751.4,2.82
52710.7,2.82
59355.71,3.94
50272.07,3.06
54877.77,3.42
0,2.84
54039.08,3.3
45069.26,3.88
53973.93,3.33
44027.21,2.95
45995.49,2.99
48091.79,3.64
55126.62,3.05
44364.94,3.96
44911.5,3.59
59097.22,3.3
55607.26,3.18
55885.33,3.55
50440.65,3.43
40807.94,2.86
57311.69,3.19
40976.76,3.36
54962.51,3.74
51677.8,3.66
48436.75,2.9
44854.72,3.73
45617.79,3.36
44596,3.75
44477.37,3.72
58799.03,3.87
52327.11,3.24
57611.71,3.83
51983.72,3.54
56356.81,2.89
59254.31,3.92
58161.69,3.26
46452.13,3.72
49674.87,2.86
44256.86,3.65
51922.29,3.45
48221.16,2.99
54991.84,3.37
67772.27,3.4
62793.63,3.92
44802.56,2.93
65180.5,3.92
58084.76,2.99
56842.25,3.06
64812.06,3.24
51584.17,3.36
66014.25,3.05
63162.07,3.41
66712.89,3.12
60164.93,3.48
56143.26,3.94
58238.76,3.52
56787.63,2.84
46686.85,3.89
57733.1,3.69
60374.34,3.23
52512.33,3.83
57070.22,3.99
44024.62,3.34
62312.33,3.36
50125.72,3.12
47505.75,2.84
69594.31,3.19
63800.82,3.13
61060.17,3.21
66233.16,3.13
54047.48,3.07
61002.56,3.13
42707,3.11
53300.22,3.69
59037.45,3.91
67546.61,3.14
60676.97,2.88
13567.77,3.16
0,3.04
0,2.95
13567.77,3.08
0,3.46
0,3.48
0,3.07
0,3.89
0,3.57
0,3.64
0,3.51
0,3.07
0,2.81
0,3.62
0,3.58
0,3.52
0,2.86
0,3.95
0,3.47
0,3.14
0,3.61
0,3.71
0,2.86
0,3.66
0,2.93
0,3.93
0,3.91
0,3.56
0,3.73
0,3.75
0,2.85
0,3.07
0,3.66
0,3.78
0,3.48
0,3.9
0,2.83
0,2.98
0,3.73
0,3.62
0,3.52
0,2.88
0,3.12
0,3.49
0,3.03
0,3.28
0,3.91
0,3.5
0,3.16
0,3.07
0,3.8
0,3.84
0,3.47
0,3.97
0,3.04
0,3.21
0,3.87
0,3.38
0,3.22
0,2.95
0,2.89
0,3.67
0,3.36
0,2.97
0,2.89
0,2.9
0,3.19
0,3.6
0,4
0,3.04
0,3.29
0,3.02
0,3.45
0,3.64
0,3.38
0,3.48
0,3.89
0,3.43
0,3.71
0,3.63
0,3.19
0,3.77
0,3.13
0,4
0,2.81
0,3.15
0,2.89
0,3.87
0,3.6
0,3.07
0,3.38
0,3.48
0,3.04
0,3.07
0,3.9
0,3.24
0,3.22
0,2.92
0,3.92
0,3.2
0,3.82
0,2.92
0,3.01
0,3.99
0,3.56
0,3.47
0,3.11
0,3.96
0,3.33
0,3.73
0,3.13
0,3.28
0,3.1
0,3.4
0,3.19
0,3.61
0,3.05
0,3.7
0,3.94
0,3.97
0,3.8
0,3.26
0,2.81
0,3.76
0,3.76
0,3.02
0,3.42
0,3.28
0,3.03
0,3.19
0,3.19
0,3.78
0,3.86
0,3.74
0,3.69
0,3.62
0,3.52
0,2.91
0,4
0,3.54
0,3.4
0,3.03
0,3.35
0,3.87
0,2.93
0,3.31
0,3.82
0,2.96
0,3.09
0,3.96
0,3.03
0,3.36
0,3.73
0,3.22
0,2.8
0,3.99
0,3.36
0,3.52
0,3.26
0,3.96
0,3.2
0,3.59
0,3.54
0,3.98
0,3.34
0,3.52
0,3.45
0,3.19
0,3.99
0,3.28
0,3.91
0,3.57
0,3.11
0,3.02
0,3.53
0,3.16
0,3.37
0,3.03
0,3.06
0,3.44
0,3.88
0,3.04
0,3.04
0,3.44
0,2.83
0,3
0,2.92
0,3.62
0,3.73
0,2.89
0,3.46
0,3.85
0,3.47
0,3.17
0,3.26
0,3.63
0,3.06
0,3.35
0,3.47
0,3.46
0,3.55
0,3.4
0,3.75
0,3.94
0,2.9
0,3.93
0,2.92
0,3.03
0,3.75
0,3.64
0,3.44
0,2.89
0,3.21
0,3.74
0,3.54
0,3.27
0,3.31
0,3.96
0,3.07
0,3.18
0,3.19
0,3.14
0,3.28
0,3.06
0,3.13
0,3.01
0,3.16
0,3.59
0,3.53
0,3.14
0,3.64
0,3.24
0,3.37
0,3.93
0,3.12
0,3.03
0,3.91
0,3.86
0,3.69
0,3.2
0,3.47
0,2.87
0,3.26
0,3.12
0,3.18
0,3.69
0,3.05
0,3.85
0,3.16
0,2.98
0,3.15
0,3.43
0,2.98
0,3.6
0,3.6
0,3.02
0,3.07
0,3.11
0,3.91
0,3.2
0,2.97
0,2.85
0,3.67
0,3.37
0,3.13
0,3.14
0,3.71
0,3.15
0,2.91
0,3.68
0,3.86
0,3.06
0,4
0,3.4
0,3.88
0,3.12
0,3.51
0,3.76
0,4
0,3.86
0,3.55
0,3.11
0,2.9
0,3.47
0,3.77
0,3.58
0,3.01
0,3.42
0,2.98
0,3.88
0,3.52
0,3.87
0,3.45
0,2.9
0,3.86
0,3.75
0,3.64
0,2.99
0,3.67
0,2.89
0,3.94
0,3.86
0,3.41
0,3.95
0,3.16
0,3.45
0,3.74
0,3.33
0,3.24
0,3.3
0,3.02
0,3.42
0,3.26
0,3.95
0,3.02
0,3.84
0,3.02
0,3.23
0,2.88
0,3.49
0,2.85
0,3.23
0,3.43
0,2.82
0,2.82
0,3.94
0,3.06
0,3.42
0,2.84
0,3.3
0,3.88
0,3.33
0,2.95
0,2.99
0,3.64
0,3.05
0,3.96
0,3.59
0,3.3
0,3.18
0,3.55
0,3.43
0,2.86
0,3.19
0,3.36
0,3.74
0,3.66
0,2.9
0,3.73
0,3.36
0,3.75
0,3.72
0,3.87
0,3.24
0,3.83
0,3.54
0,2.89
0,3.92
0,3.26
0,3.72
0,2.86
0,3.65
0,3.45
0,2.99
0,3.37
0,3.4
0,3.92
0,2.93
0,3.92
0,2.99
0,3.06
0,3.24
0,3.36
0,3.05
0,3.41
0,3.12
0,3.48
0,3.94
0,3.52
0,2.84
0,3.89
0,3.69
0,3.23
0,3.83
0,3.99
0,3.34
0,3.36
0,3.12
0,2.84
0,3.19
0,3.13
0,3.21
0,3.13
0,3.07
0,3.13
0,3.11
0,3.69
0,3.91
0,3.14
0,2.88
0,3.16
0,3.04
0,2.95
0,3.08
0,3.46
0,3.48
0,3.07
0,3.89
0,3.57
0,3.64
0,3.51
0,3.07
0,2.81
0,3.62
0,3.58
0,3.52
0,2.86
0,3.95
0,3.47
0,3.14
0,3.61
0,3.71
0,2.86
0,3.66
0,2.93
0,3.93
0,3.91
0,3.56
0,3.73
0,3.75
0,2.85
0,3.07
0,3.66
0,3.78
0,3.48
0,3.9
0,2.83
0,2.98
0,3.73
0,3.62
0,3.52
0,2.88
0,3.12
0,3.49
0,3.03
0,3.28
0,3.91
0,3.5
0,3.16
0,3.07
0,3.8
0,3.84
0,3.47
0,3.97
0,3.04
0,3.21
0,3.87
0,3.38
0,3.22
0,2.95
0,2.89
0,3.67
0,3.36
0,2.97
0,2.89
0,2.9
0,3.19
0,3.6
0,4
0,3.04
0,3.29
0,3.02
0,3.45
0,3.64
0,3.38
0,3.48
0,3.89
0,3.43
0,3.71
0,3.63
0,3.19
0,3.77
0,3.13
0,4
0,2.81
0,3.15
0,2.89
0,3.87
0,3.6
0,3.07
0,3.38
0,3.48
0,3.04
0,3.07
0,3.9
0,3.24
0,3.22
0,2.92
0,3.92
0,3.2
0,3.82
0,2.92
0,3.01
0,3.99
0,3.56
0,3.47
0,3.11
0,3.96
0,3.33
0,3.73
0,3.13
0,3.28
0,3.1
0,3.4
0,3.19
0,3.61
0,3.05
0,3.7
0,3.94
0,3.97
0,3.8
0,3.26
0,2.81
0,3.76
0,3.76
0,3.02
0,3.42
0,3.28
0,3.03
0,3.19
0,3.19
0,3.78
0,3.86
0,3.74
0,3.69
0,3.62
0,3.52
0,2.91
0,4
0,3.54
0,3.4
0,3.03
0,3.35
0,3.87
0,2.93
0,3.31
0,3.82
0,2.96
0,3.09
0,3.96
0,3.03
0,3.36
0,3.73
0,3.22
0,2.8
0,3.99
0,3.36
0,3.52
0,3.26
0,3.96
0,3.2
0,3.59
0,3.54
0,3.98
0,3.34
0,3.52
0,3.45
0,3.19
0,3.99
0,3.28
0,3.91
0,3.57
0,3.11
0,3.02
0,3.53
0,3.16
0,3.37
0,3.03
0,3.06
0,3.44
0,3.88
0,3.04
0,3.04
0,3.44
0,2.83
0,3
0,2.92
0,3.94
0,2.9
0,3.93
0,2.92
0,3.03
0,3.75
0,3.64
0,3.44
0,2.89
0,3.21
0,3.74
0,3.54
0,3.27
0,3.31
0,3.96
0,3.07
0,3.41
0,3.95
0,3.16
0,3.45
0,3.74
0,3.33
0,3.24
0,3.3
0,3.02
0,3.42
0,3.26
0,3.95
0,3.02
0,3.84
0,3.02
0,3.23
0,2.88
0,3.49
0,2.85
0,3.23
0,3.43
0,2.82
0,2.82
0,3.94
0,3.06
0,3.42
0,2.84
0,3.3
0,3.88
0,3.33
0,2.95
0,2.99
0,3.64
0,3.05
0,3.96
0,3.59
0,3.3
0,3.18
0,3.55
0,3.43
0,2.86
0,3.19
0,3.36
0,3.74
0,3.66
0,2.9
0,3.73
0,3.36
0,3.75
0,3.72
0,3.87
0,3.24
0,3.83
0,3.54
0,2.89
0,3.92
0,3.26
0,3.72
0,2.86
0,3.65
0,3.45
0,2.99
0,3.37
0,3.4
0,3.92
0,2.93
0,3.92
0,2.99
0,3.06
0,3.24
0,3.36
0,3.05
0,3.41
0,3.12
0,3.48
0,3.94
0,3.52
0,2.84
0,3.89
0,3.69
0,3.23
0,3.83
0,3.99
0,3.34
0,3.36
0,3.12
0,2.84
0,3.19
0,3.13
0,3.21
0,3.13
0,3.07
0,3.13
0,3.11
0,3.69
0,3.91
0,3.14
0,2.88
0,3.16
0,3.04
0,2.95
0,3.08
0,3.46
0,3.48
0,3.07
0,3.89
0,3.57
0,3.64
0,3.51
0,3.07
0,2.81
0,3.62
0,3.58
0,3.52
0,2.86
0,3.95
0,3.47
0,3.14
0,3.61
0,3.71
0,2.86
0,3.66
0,2.93
0,3.93
0,3.91
0,3.56
0,3.73
0,3.75
0,2.85
0,3.07
0,3.66
0,3.78
0,3.48
0,3.9
0,2.83
0,2.98
0,3.73
0,3.62
0,3.52
0,2.88
0,3.12
0,3.49
0,3.03
0,3.28
0,3.91
0,3.5
0,3.16
0,3.07
0,3.8
0,3.84
0,3.47
0,3.97
0,3.04
0,3.21
0,3.87
0,3.38
0,3.22
0,2.95
0,2.89
0,3.67
0,3.36
0,2.97
0,2.89
0,2.9
0,3.19
0,3.6
0,4
0,3.04
0,3.29
0,3.02
0,3.45
0,3.64
0,3.38
0,3.48
0,3.89
0,3.43
0,3.71
0,3.63
0,3.19
0,3.77
0,3.13
0,4
0,2.81
0,3.15
0,2.89
0,3.87
0,3.6
0,3.07
0,3.38
0,3.48
0,3.04
0,3.07
0,3.9
0,3.24
0,3.22
0,2.92
0,3.92
0,3.2
0,3.82
0,2.92
0,3.01
0,3.99
0,3.56
0,3.47
0,3.11
0,3.96
0,3.33
0,3.73
0,3.13
0,3.28
0,3.1
0,3.4
0,3.19
0,3.61
0,3.05
0,3.7
0,3.94
0,3.97
0,3.8
0,3.26
0,2.81
0,3.76
0,3.76
0,3.02
0,3.42
0,3.28
0,3.03
0,3.19
0,3.19
0,3.78
0,3.86
0,3.74
0,3.69
0,3.62
0,3.52
0,2.91
0,4
0,3.54
0,3.4
0,3.03
0,3.35
0,3.87
0,2.93
0,3.31
0,3.82
0,2.96
0,3.09
0,3.96
0,3.03
0,3.36
0,3.73
0,3.22
0,2.8
0,3.99
0,3.36
0,3.52
0,3.26
0,3.96
0,3.2
0,3.59
0,3.54
0,3.98
0,3.34
0,3.52
0,3.45
0,3.19
0,3.99
0,3.28
0,3.91
0,3.57
0,3.11
0,3.02
0,3.53
0,3.16
0,3.37
0,3.03
0,3.06
0,3.44
0,3.88
0,3.04
0,3.04
0,3.44
0,2.83
0,3
0,2.92
0,3.62
0,3.73
0,2.89
0,3.46
0,3.85
0,3.47
0,3.17
0,3.26
0,3.63
0,3.06
0,3.35
0,3.47
0,3.46
0,3.55
0,3.4
0,3.75
0,3.94
0,2.9
0,3.93
0,2.92
0,3.03
0,3.75
0,3.64
0,3.44
0,2.89
0,3.21
0,3.74
0,3.54
0,3.27
0,3.31
0,3.96
0,3.07
0,3.18
0,3.19
0,3.14
0,3.28
0,3.06
0,3.13
0,3.01
0,3.16
0,3.59
0,3.53
0,3.14
0,3.64
0,3.24
0,3.37
0,3.93
0,3.12
0,3.03
0,3.91
0,3.86
0,3.69
0,3.2
0,3.47
0,2.87
0,3.26
0,3.12
0,3.18
0,3.69
0,3.05
0,3.85
0,3.16
0,2.98
0,3.15
0,3.43
0,2.98
0,3.6
0,3.6
0,3.02
0,3.07
0,3.11
0,3.91
0,3.2
0,2.97
0,2.85
0,3.67
0,3.37
0,3.13
0,3.14
0,3.71
0,3.15
0,2.91
0,3.68
0,3.86
0,3.06
0,4
0,3.4
0,3.88
0,3.12
0,3.51
0,3.76
0,4
0,3.86
0,3.55
0,3.11
0,2.9
0,3.47
0,3.77
0,3.58
0,3.01
0,3.42
0,2.98
0,3.88
0,3.52
0,3.87
0,3.45
0,2.9
0,3.86
0,3.75
0,3.64
0,2.99
0,3.67
0,2.89
